{"losses/total_loss": 0.0311279296875, "losses/policy_loss": -0.0201416015625, "losses/value_loss": 0.05126953125, "values/mean": 0.03125, "values/min": -0.56640625, "values/max": 0.671875, "values/std": 0.24609375, "values/values_error": 0.09130859375, "values/values_mape_error": 2.6875, "values/clipfrac": 0.2222222238779068, "old_values/mean": -0.18359375, "old_values/min": -0.98046875, "old_values/max": 0.400390625, "old_values/std": 0.28125, "returns/mean": -0.154296875, "returns/min": -0.2490234375, "returns/max": 0.039306640625, "returns/std": 0.0595703125, "policy/approx_kl": 0.000392913818359375, "policy/clipfrac": 0.008547008968889713, "ratio": 1.0, "padding_percentage": 0.0, "time/forward": 0.8538556098937988, "time/backward": 1.042837381362915, "learning_rate_group_0": 1e-05, "_timestamp": 1692211447.2933817, "_runtime": 2460.2718765735626, "_step": 198}