{"time/rollout_generate": 51.29888343811035, "time/rollout_score": 0.004868507385253906, "rollout_scores/mean": 0.5, "rollout_scores/std": 0.5773502588272095, "rollout_scores/running_mean": 0.5, "rollout_scores/running_std": 0.5773502588272095, "time/rollout_time": 55.950817584991455, "policy/sqrt_kl": 0.0, "policy/kl_per_token": 0.0, "kl_ctl_value": 0.05, "_timestamp": 1693656573.4006493, "_runtime": 77.45537519454956, "_step": 0, "_wandb": {"runtime": 210}}