{"time/rollout_generate": 51.41526913642883, "time/rollout_score": 0.004088878631591797, "rollout_scores/mean": 0.5, "rollout_scores/std": 0.5773502588272095, "rollout_scores/running_mean": 0.5, "rollout_scores/running_std": 0.5773502588272095, "time/rollout_time": 56.06336188316345, "policy/sqrt_kl": 0.0, "policy/kl_per_token": 0.0, "kl_ctl_value": 0.05, "_timestamp": 1693656284.2982657, "_runtime": 78.66326260566711, "_step": 0, "_wandb": {"runtime": 153}}