{"time/rollout_generate": 51.23920798301697, "time/rollout_score": 0.0033392906188964844, "rollout_scores/mean": 0.0, "rollout_scores/std": 0.0, "rollout_scores/running_mean": 0.0, "rollout_scores/running_std": 5.773502878038406e-13, "time/rollout_time": 55.76396989822388, "policy/sqrt_kl": 0.0, "policy/kl_per_token": 0.0, "kl_ctl_value": 0.05, "_timestamp": 1693611084.8370173, "_runtime": 72.37063336372375, "_step": 0, "_wandb": {"runtime": 666}}